nodes_id,within_module_connectivities,among_module_connectivities,degree,modularity,type
Zotu10,1.154700538,0.75,2,9,Connectors
Zotu1044,-0.458008159,0.75,2,4,Connectors
Zotu1058,-0.458008159,0.777777778,3,4,Connectors
Zotu1079,-0.868904566,0.75,2,2,Connectors
Zotu1140,-0.883875686,0.75,2,1,Connectors
Zotu115,-0.721697996,0.75,2,3,Connectors
Zotu119,-0.868904566,0.75,2,2,Connectors
Zotu12,-0.659490871,0.75,2,6,Connectors
Zotu1227,-0.868904566,0.75,2,2,Connectors
Zotu1304,-0.863840155,0.75,2,6,Connectors
Zotu1366,-0.966987557,0.6875,4,5,Connectors
Zotu1464,-0.770286449,0.75,2,4,Connectors
Zotu153,-0.255883158,0.75,2,7,Connectors
Zotu1576,-0.868904566,0.75,2,2,Connectors
Zotu1709,-0.868904566,0.75,2,2,Connectors
Zotu1715,-0.458008159,0.75,2,4,Connectors
Zotu1719,-0.868904566,0.75,2,2,Connectors
Zotu174,0.866025404,0.75,2,18,Connectors
Zotu185,-0.255883158,0.75,2,7,Connectors
Zotu189,-0.458008159,0.694444444,6,4,Connectors
Zotu1893,-0.966987557,0.6875,4,5,Connectors
Zotu2034,-0.966987557,0.6875,4,5,Connectors
Zotu2341,-0.883875686,0.75,2,1,Connectors
Zotu2380,-0.577350269,0.75,2,15,Connectors
Zotu241,-0.883875686,0.75,2,1,Connectors
Zotu2438,-0.883875686,0.75,2,1,Connectors
Zotu250,-0.721697996,0.75,2,3,Connectors
Zotu2500,-0.458008159,0.75,2,4,Connectors
Zotu2641,-0.883875686,0.75,2,1,Connectors
Zotu2643,-0.842032793,0.6875,4,1,Connectors
Zotu273,-0.255883158,0.75,2,7,Connectors
Zotu277,-0.868904566,0.75,2,2,Connectors
Zotu278,-0.721697996,0.75,2,3,Connectors
Zotu2786,-0.458008159,0.75,2,4,Connectors
Zotu3055,-0.883875686,0.75,2,1,Connectors
Zotu3115,0,0.75,2,19,Connectors
Zotu339,-0.659490871,0.75,2,6,Connectors
Zotu3400,-0.883875686,0.75,2,1,Connectors
Zotu344,0.166548421,0.638888889,6,4,Connectors
Zotu347,0.166548421,0.632653061,7,4,Connectors
Zotu3543,-0.868904566,0.75,2,2,Connectors
Zotu358,1.154700538,0.777777778,3,15,Connectors
Zotu373,-0.721697996,0.6875,4,3,Connectors
Zotu375,-0.868904566,0.75,2,2,Connectors
Zotu385,-0.883875686,0.75,2,1,Connectors
Zotu3895,-0.770286449,0.75,2,4,Connectors
Zotu3946,-0.883875686,0.75,2,1,Connectors
Zotu404,-0.350823208,0.75,2,22,Connectors
Zotu409,0,0.75,2,24,Connectors
Zotu41288,-0.721697996,0.75,2,3,Connectors
Zotu43,-0.659490871,0.75,2,6,Connectors
Zotu431,-0.558156306,0.75,2,14,Connectors
Zotu445,-0.883875686,0.75,2,1,Connectors
Zotu469,-0.659490871,0.75,2,6,Connectors
Zotu486,1.154700538,0.75,2,26,Connectors
Zotu51,-0.721697996,0.777777778,3,3,Connectors
Zotu5202,-0.883875686,0.75,2,1,Connectors
Zotu548,0.866025404,0.75,2,18,Connectors
Zotu5544,-0.458008159,0.777777778,3,4,Connectors
Zotu586,-0.558156306,0.75,2,14,Connectors
Zotu616,0,0.75,2,24,Connectors
Zotu638,-0.350823208,0.75,2,22,Connectors
Zotu6420,-0.868904566,0.75,2,2,Connectors
Zotu6444,-0.721697996,0.75,2,3,Connectors
Zotu65,-0.458008159,0.75,2,4,Connectors
Zotu660,-0.861814894,0.75,2,3,Connectors
Zotu675,-0.809989942,0.6875,4,2,Connectors
Zotu704,-0.868904566,0.75,2,2,Connectors
Zotu751,-0.861814894,0.75,2,3,Connectors
Zotu778,-0.868904566,0.75,2,2,Connectors
Zotu783,0.539354087,0.625739645,26,3,Connectors
Zotu812,-1.611645928,0.75,2,5,Connectors
Zotu824,-0.883875686,0.75,2,1,Connectors
Zotu83,-0.721697996,0.8125,4,3,Connectors
Zotu832,0.791105002,0.652892562,11,4,Connectors
Zotu837,-0.581581098,0.68,5,3,Connectors
Zotu84,-0.721697996,0.75,2,3,Connectors
Zotu87,-0.458008159,0.75,2,4,Connectors
Zotu888,-0.558156306,0.75,2,14,Connectors
Zotu892,-0.770286449,0.75,2,4,Connectors
Zotu911,-0.883875686,0.75,2,1,Connectors
Zotu965,-0.883875686,0.75,2,1,Connectors
Zotu983,-1.289316742,0.75,2,5,Connectors
Zotu997,-0.458008159,0.75,2,4,Connectors
Zotu1360,2.977053033,0.506835938,32,4,Module hubs
Zotu16,2.814446955,0.102493075,19,6,Module hubs
Zotu17,3.384099483,0.291037981,124,1,Module hubs
Zotu1722,3.760685528,0.097888538,118,1,Module hubs
Zotu18,3.34169205,0.491313881,77,3,Module hubs
Zotu2362,3.431862959,0.212443311,84,2,Module hubs
Zotu289,3.928057103,0.18742864,129,1,Module hubs
Zotu29,2.921341356,0.517538265,56,3,Module hubs
Zotu2912,2.842716723,0.030532544,65,2,Module hubs
Zotu324,2.664774743,0.569526627,26,4,Module hubs
Zotu335,2.664774743,0.525377229,27,4,Module hubs
Zotu348,3.007513439,0.132045878,101,1,Module hubs
Zotu4201,2.96054597,0.02962798,67,2,Module hubs
Zotu45,2.714613182,0.372960911,114,1,Module hubs
Zotu52,3.384099483,0.121570248,110,1,Module hubs
Zotu80,2.814446955,0.102493075,19,6,Module hubs
Zotu9,3.201575152,0.485579356,77,3,Module hubs
Zotu1,-0.465446748,0.159722222,12,1,Peripherals
Zotu100,1.958997368,0.142043432,53,2,Peripherals
Zotu1002,-0.515416824,0.234375,8,2,Peripherals
Zotu1005,0.545046401,0.075443787,26,2,Peripherals
Zotu1017,-0.574331448,0.265306122,7,2,Peripherals
Zotu1022,-0.581581098,0.555555556,3,3,Peripherals
Zotu1029,-0.863840155,0,1,6,Peripherals
Zotu103,-0.130703598,0.25,22,1,Peripherals
Zotu1031,-0.250792303,0.4375,4,6,Peripherals
Zotu1036,-0.863840155,0,1,6,Peripherals
Zotu1038,-0.423603854,0.147928994,13,1,Peripherals
Zotu1041,-0.130703598,0.345486111,24,1,Peripherals
Zotu1056,0.329568234,0.120117188,32,1,Peripherals
Zotu1059,0.538782703,0.310978908,43,1,Peripherals
Zotu1060,0,0,1,33,Peripherals
Zotu1066,2.076826615,0.137190083,55,2,Peripherals
Zotu107,-0.92571858,0,1,1,Peripherals
Zotu109,0.966987557,0.493055556,12,5,Peripherals
Zotu1095,0.014814788,0.114186851,17,2,Peripherals
Zotu1097,0.399237189,0.552469136,18,3,Peripherals
Zotu11,0,0,1,23,Peripherals
Zotu11039,1.66442425,0.043950617,45,2,Peripherals
Zotu1105,-0.549132536,0.409722222,12,1,Peripherals
Zotu1110,-0.758347005,0.36,5,1,Peripherals
Zotu1115,-0.515416824,0.234375,8,2,Peripherals
Zotu112,-0.574331448,0.265306122,7,2,Peripherals
Zotu1128,-0.577350269,0,1,26,Peripherals
Zotu1132,-0.861814894,0,1,3,Peripherals
Zotu1133,1.668540837,0.089230769,65,1,Peripherals
Zotu1135,-0.92571858,0,1,1,Peripherals
Zotu1139,-0.044099835,0.12109375,16,2,Peripherals
Zotu114,0,0,1,31,Peripherals
Zotu1141,-0.758347005,0.36,5,1,Peripherals
Zotu1156,-0.92781919,0,1,2,Peripherals
Zotu116,-0.770286449,0,1,4,Peripherals
Zotu1162,0.120353765,0.197704082,28,1,Peripherals
Zotu1164,-0.381760961,0.137755102,14,1,Peripherals
Zotu1165,-0.455141587,0.555555556,3,6,Peripherals
Zotu1167,-0.716504111,0.305555556,6,1,Peripherals
Zotu1170,2.489228981,0.065277778,60,2,Peripherals
Zotu1175,1.333797686,0.228668054,62,1,Peripherals
Zotu118,-0.632818324,0.234375,8,1,Peripherals
Zotu1182,0.747997173,0.048185604,41,1,Peripherals
Zotu1183,0.120353765,0.075443787,26,1,Peripherals
Zotu1189,-0.507289642,0.173553719,11,1,Peripherals
Zotu1190,0.162196659,0.346189164,33,1,Peripherals
Zotu1191,1.543012155,0.194903581,66,1,Peripherals
Zotu1197,-0.574331448,0.265306122,7,2,Peripherals
Zotu120,0,0,1,32,Peripherals
Zotu1203,1.501169261,0.033611031,59,1,Peripherals
Zotu1210,-0.92781919,0,1,2,Peripherals
Zotu122,-0.92571858,0,1,1,Peripherals
Zotu1223,-0.92571858,0,1,1,Peripherals
Zotu123,0.036667978,0.372222222,30,1,Peripherals
Zotu1236,1.668540837,0.031494079,63,1,Peripherals
Zotu1239,1.961441093,0.324844291,85,1,Peripherals
Zotu1249,1.082740323,0.040399833,49,1,Peripherals
Zotu1252,-0.92571858,0,1,1,Peripherals
Zotu1256,0,0,1,27,Peripherals
Zotu1257,1.428765756,0.048185604,41,2,Peripherals
Zotu126,0.511766316,0.555555556,3,7,Peripherals
Zotu1263,-0.800189899,0.4375,4,1,Peripherals
Zotu1265,0.250473283,0.092970522,21,2,Peripherals
Zotu12668,-0.861814894,0,1,3,Peripherals
Zotu127,-0.250792303,0.4375,4,6,Peripherals
Zotu1270,0.545046401,0.075443787,26,2,Peripherals
Zotu1274,-0.005174916,0.2192,25,1,Peripherals
Zotu1283,-0.161929082,0.137755102,14,2,Peripherals
Zotu1294,-0.549132536,0.19,10,1,Peripherals
Zotu1301,-0.298075173,0.21799308,17,1,Peripherals
Zotu1303,0.309387907,0.164461248,23,2,Peripherals
Zotu1305,0.706154279,0.094586556,41,1,Peripherals
Zotu1307,-0.92571858,0,1,1,Peripherals
Zotu131,-0.842032793,0.555555556,3,1,Peripherals
Zotu1315,-0.92781919,0,1,2,Peripherals
Zotu1317,0.372104204,0.4375,4,14,Peripherals
Zotu132,-1.023532631,0,1,7,Peripherals
Zotu133,1.415661582,0.55859375,16,4,Peripherals
Zotu1334,0.036667978,0.211538462,26,1,Peripherals
Zotu134,-0.800189899,0.4375,4,1,Peripherals
Zotu1342,-0.92571858,0,1,1,Peripherals
Zotu1354,-0.161929082,0.137755102,14,2,Peripherals
Zotu1357,0.371411128,0.061523438,32,1,Peripherals
Zotu1359,-0.515416824,0.234375,8,2,Peripherals
Zotu136,-0.145729869,0.555555556,3,4,Peripherals
Zotu1361,0.664311385,0.096875,40,1,Peripherals
Zotu1365,2.253570486,0.069834184,56,2,Peripherals
Zotu137,0.119003393,0.529085873,19,3,Peripherals
Zotu1373,-0.758347005,0.527777778,6,1,Peripherals
Zotu138,2.232625223,0.234375,8,14,Peripherals
Zotu1385,-0.92571858,0,1,1,Peripherals
Zotu1388,-0.770286449,0,1,4,Peripherals
Zotu1399,0.322329186,0.421875,8,5,Peripherals
Zotu14,0.157906265,0.305555556,6,6,Peripherals
Zotu140,0,0,1,36,Peripherals
Zotu1403,-0.549132536,0.32231405,11,1,Peripherals
Zotu1405,-0.716504111,0.469387755,7,1,Peripherals
Zotu1409,0.898534143,0.116620753,33,2,Peripherals
Zotu1412,-0.809989942,0.555555556,3,2,Peripherals
Zotu1413,0.622468491,0.099276792,39,1,Peripherals
Zotu1414,0.413254022,0.059687787,33,1,Peripherals
Zotu1419,-0.423603854,0.5175,20,1,Peripherals
Zotu142,-0.863840155,0,1,6,Peripherals
Zotu1423,-0.301347302,0.36,5,3,Peripherals
Zotu1426,-0.863840155,0,1,6,Peripherals
Zotu143,-0.770286449,0.555555556,3,4,Peripherals
Zotu144,-0.549132536,0.19,10,1,Peripherals
Zotu1444,2.430314357,0.066360241,59,2,Peripherals
Zotu145,-0.644658371,0.6,5,5,Peripherals
Zotu1458,2.338027138,0.134212018,84,1,Peripherals
Zotu1487,0.399237189,0.54296875,16,3,Peripherals
Zotu149,0.770954116,0.209876543,9,6,Peripherals
Zotu1490,-0.549132536,0.19,10,1,Peripherals
Zotu1498,-0.456502201,0.209876543,9,2,Peripherals
Zotu15,0.259120291,0.438016529,11,3,Peripherals
Zotu1509,-0.256232279,0.28531856,19,1,Peripherals
Zotu151,0.511766316,0.555555556,3,7,Peripherals
Zotu1516,2.463555819,0.150180785,88,1,Peripherals
Zotu152,-1.023532631,0,1,7,Peripherals
Zotu1532,-0.301347302,0.36,5,3,Peripherals
Zotu154,-0.456502201,0.209876543,9,2,Peripherals
Zotu1542,0.204039553,0.187777778,30,1,Peripherals
Zotu1543,-0.005174916,0.2192,25,1,Peripherals
Zotu1546,0,0,1,17,Peripherals
Zotu1547,-0.92781919,0,1,2,Peripherals
Zotu1548,-0.758347005,0.36,5,1,Peripherals
Zotu156,0,0,1,10,Peripherals
Zotu1574,-0.842032793,0.555555556,3,1,Peripherals
Zotu158,0.036667978,0.262002743,27,1,Peripherals
Zotu1592,-0.381760961,0.137755102,14,1,Peripherals
Zotu1597,-0.758347005,0.36,5,1,Peripherals
Zotu1603,-0.507289642,0.51171875,16,1,Peripherals
Zotu1604,0.747997173,0.168904959,44,1,Peripherals
Zotu162,-0.751075319,0.4375,4,2,Peripherals
Zotu163,0.362255549,0.265306122,7,6,Peripherals
Zotu1635,-0.92781919,0,1,2,Peripherals
Zotu166,0.511766316,0.555555556,3,7,Peripherals
Zotu1662,-0.770286449,0.4375,4,4,Peripherals
Zotu1693,-0.770286449,0,1,4,Peripherals
Zotu1699,-0.842032793,0.555555556,3,1,Peripherals
Zotu1712,-0.27975833,0.278106509,13,2,Peripherals
Zotu1721,-0.633246072,0.305555556,6,2,Peripherals
Zotu1751,0.036667978,0.081597222,24,1,Peripherals
Zotu1759,-0.863840155,0,1,6,Peripherals
Zotu1761,0.603961025,0.355371901,33,2,Peripherals
Zotu1764,-0.674661217,0.265306122,7,1,Peripherals
Zotu178,0.662875648,0.236212279,31,2,Peripherals
Zotu1785,-0.861814894,0,1,3,Peripherals
Zotu1794,-0.92571858,0,1,1,Peripherals
Zotu180,1.289316742,0.32231405,11,5,Peripherals
Zotu1801,0.747997173,0.235822306,46,1,Peripherals
Zotu1802,-0.842032793,0.555555556,3,1,Peripherals
Zotu181,-0.145729869,0.555555556,3,4,Peripherals
Zotu1819,0.915368748,0.265902367,52,1,Peripherals
Zotu182,0,0,1,29,Peripherals
Zotu183,1.179652684,0.173553719,11,6,Peripherals
Zotu1831,-0.92571858,0,1,1,Peripherals
Zotu184,0,0,1,36,Peripherals
Zotu1843,-0.130703598,0.300567108,23,1,Peripherals
Zotu1845,0.49693981,0.296847115,41,1,Peripherals
Zotu1852,-0.549132536,0.19,10,1,Peripherals
Zotu186,0.644658371,0.47,10,5,Peripherals
Zotu1864,-0.809989942,0.555555556,3,2,Peripherals
Zotu18706,1.520172374,0.528007346,33,3,Peripherals
Zotu1876,0.580625597,0.288263926,43,1,Peripherals
Zotu188,0.526234812,0.555555556,3,22,Peripherals
Zotu1882,-0.256232279,0.114186851,17,1,Peripherals
Zotu1887,-0.021113505,0.421875,8,3,Peripherals
Zotu1888,2.017911992,0.13957476,54,2,Peripherals
Zotu1895,0.036667978,0.392222222,30,1,Peripherals
Zotu19,0.329568234,0.21366782,34,1,Peripherals
Zotu1904,0.747997173,0.132504056,43,1,Peripherals
Zotu1905,-0.758347005,0.36,5,1,Peripherals
Zotu1920,-0.515416824,0.234375,8,2,Peripherals
Zotu193,-0.005174916,0.2192,25,1,Peripherals
Zotu1931,1.66442425,0.456094675,65,2,Peripherals
Zotu1935,0.322329186,0.421875,8,5,Peripherals
Zotu194,-0.301347302,0.36,5,3,Peripherals
Zotu1941,1.250111898,0.03737985,53,1,Peripherals
Zotu1945,-0.770286449,0,1,4,Peripherals
Zotu1946,0,0,1,30,Peripherals
Zotu195,-0.220843706,0.147928994,13,2,Peripherals
Zotu1953,-0.842032793,0.555555556,3,1,Peripherals
Zotu1955,-0.674661217,0.265306122,7,1,Peripherals
Zotu1963,0.191558659,0.179138322,21,2,Peripherals
Zotu1969,0.371411128,0.061523438,32,1,Peripherals
Zotu1978,0,0,1,11,Peripherals
Zotu198,2.128812669,0.331723222,91,1,Peripherals
Zotu1992,-0.92571858,0,1,1,Peripherals
Zotu2,-0.465446748,0.159722222,12,1,Peripherals
Zotu20,-0.692160695,0.36,5,2,Peripherals
Zotu200,-0.92571858,0,1,1,Peripherals
Zotu2000,0.309387907,0.088842975,22,2,Peripherals
Zotu2003,-0.465446748,0.159722222,12,1,Peripherals
Zotu2009,-0.92571858,0,1,1,Peripherals
Zotu201,-1.023532631,0,1,7,Peripherals
Zotu202,-1.023532631,0,1,7,Peripherals
Zotu2038,-0.758347005,0.36,5,1,Peripherals
Zotu207,-0.577350269,0,1,15,Peripherals
Zotu2070,-0.800189899,0.4375,4,1,Peripherals
Zotu2075,-0.809989942,0.555555556,3,2,Peripherals
Zotu2080,-0.423603854,0.260204082,14,1,Peripherals
Zotu2083,0.014814788,0.114186851,17,2,Peripherals
Zotu2091,-0.92571858,0,1,1,Peripherals
Zotu2094,0.119003393,0.562130178,13,3,Peripherals
Zotu2095,-0.842032793,0.555555556,3,1,Peripherals
Zotu2097,-0.465446748,0.159722222,12,1,Peripherals
Zotu210,1.800406171,0.548575603,37,3,Peripherals
Zotu2107,-0.92781919,0,1,2,Peripherals
Zotu211,-0.515416824,0.234375,8,2,Peripherals
Zotu2113,-0.92571858,0,1,1,Peripherals
Zotu2133,-0.088860704,0.171487603,22,1,Peripherals
Zotu215,1.250111898,0.282778356,62,1,Peripherals
Zotu2150,1.082740323,0.078,50,1,Peripherals
Zotu2156,-0.301347302,0.609375,8,3,Peripherals
Zotu216,-0.455141587,0.555555556,3,6,Peripherals
Zotu2164,-0.381760961,0.137755102,14,1,Peripherals
Zotu2171,-0.59097543,0.209876543,9,1,Peripherals
Zotu2173,2.135741239,0.072359396,54,2,Peripherals
Zotu218,-0.515416824,0.234375,8,2,Peripherals
Zotu2199,-0.130703598,0.427514793,26,1,Peripherals
Zotu22,-0.4414642,0.609375,8,3,Peripherals
Zotu221,-0.455141587,0.555555556,3,6,Peripherals
Zotu2221,-0.92571858,0,1,1,Peripherals
Zotu223,1.082740323,0.412544379,65,1,Peripherals
Zotu224,-0.574331448,0.265306122,7,2,Peripherals
Zotu225,0.120353765,0.075443787,26,1,Peripherals
Zotu2264,-0.692160695,0.36,5,2,Peripherals
Zotu2270,-0.842032793,0.555555556,3,1,Peripherals
Zotu228,-0.515416824,0.529085873,19,2,Peripherals
Zotu229,1.961441093,0.080825617,72,1,Peripherals
Zotu23,1.99704982,0.128888889,15,6,Peripherals
Zotu230,2.086969775,0.248157596,84,1,Peripherals
Zotu231,2.047065263,0.36,5,7,Peripherals
Zotu2310,-0.549132536,0.423611111,12,1,Peripherals
Zotu233,-0.088860704,0.401920439,27,1,Peripherals
Zotu2331,-0.515416824,0.234375,8,2,Peripherals
Zotu2333,0.073729412,0.1966759,19,2,Peripherals
Zotu2342,-0.92571858,0,1,1,Peripherals
Zotu235,0.399237189,0.409722222,12,3,Peripherals
Zotu2354,-0.27975833,0.159722222,12,2,Peripherals
Zotu2356,-0.758347005,0.36,5,1,Peripherals
Zotu2360,-0.809989942,0.555555556,3,2,Peripherals
Zotu237,-0.021113505,0.581597222,24,3,Peripherals
Zotu2385,0,0,1,34,Peripherals
Zotu2391,-0.298075173,0.4175,20,1,Peripherals
Zotu240,1.794069518,0.17804784,72,1,Peripherals
Zotu242,-0.161929082,0.137755102,14,2,Peripherals
Zotu244,0.120353765,0.075443787,26,1,Peripherals
Zotu2452,0.545046401,0.075443787,26,2,Peripherals
Zotu2464,-0.716504111,0.546875,8,1,Peripherals
Zotu2466,-0.021113505,0.55,10,3,Peripherals
Zotu2471,-0.842032793,0.555555556,3,1,Peripherals
Zotu248,0.078510871,0.0784,25,1,Peripherals
Zotu2486,0.329568234,0.120117188,32,1,Peripherals
Zotu249,2.170655563,0.162627648,81,1,Peripherals
Zotu2490,0,0,1,10,Peripherals
Zotu2509,-0.800189899,0.4375,4,1,Peripherals
Zotu251,1.792700536,0.137755102,14,6,Peripherals
Zotu252,-0.549132536,0.32231405,11,1,Peripherals
Zotu2548,-0.716504111,0.305555556,6,1,Peripherals
Zotu2560,-0.130703598,0.179138322,21,1,Peripherals
Zotu2572,-0.92781919,0,1,2,Peripherals
Zotu259,1.9195982,0.12929255,73,1,Peripherals
Zotu260,2.003283987,0.22796875,80,1,Peripherals
Zotu262,0,0,1,28,Peripherals
Zotu2627,0.245882447,0.127777778,30,1,Peripherals
Zotu263,-0.863840155,0,1,6,Peripherals
Zotu2633,0.664311385,0.213628989,43,1,Peripherals
Zotu264,0.791105002,0.59,10,4,Peripherals
Zotu2649,0.413254022,0.059687787,33,1,Peripherals
Zotu265,1.877755306,0.368712818,86,1,Peripherals
Zotu266,-0.632818324,0.382716049,9,1,Peripherals
Zotu2685,-0.172546491,0.102493075,19,1,Peripherals
Zotu27,1.37564058,0.035395408,56,1,Peripherals
Zotu270,-0.861814894,0,1,3,Peripherals
Zotu2702,0,0.555555556,3,19,Peripherals
Zotu271,-0.861814894,0,1,3,Peripherals
Zotu2723,0.622468491,0.282541322,44,1,Peripherals
Zotu2732,1.250111898,0.03737985,53,1,Peripherals
Zotu2739,0.664311385,0.364431487,49,1,Peripherals
Zotu2744,-0.800189899,0.4375,4,1,Peripherals
Zotu2745,0.427217154,0.081597222,24,2,Peripherals
Zotu2753,-0.751075319,0.4375,4,2,Peripherals
Zotu276,-0.423603854,0.147928994,13,1,Peripherals
Zotu2773,-0.758347005,0.36,5,1,Peripherals
Zotu2776,0,0,1,17,Peripherals
Zotu279,1.333797686,0.378163265,70,1,Peripherals
Zotu28,0,0,1,8,Peripherals
Zotu2802,0.36830253,0.085066163,23,2,Peripherals
Zotu2833,0.162196659,0.072702332,27,1,Peripherals
Zotu2847,-0.800189899,0.4375,4,1,Peripherals
Zotu2851,1.310936508,0.050624589,39,2,Peripherals
Zotu286,-0.577350269,0,1,9,Peripherals
Zotu287,0.157906265,0.305555556,6,6,Peripherals
Zotu2905,-0.92571858,0,1,1,Peripherals
Zotu2907,-0.842032793,0.555555556,3,1,Peripherals
Zotu2915,1.782253497,0.081163194,48,2,Peripherals
Zotu295,-0.861814894,0,1,3,Peripherals
Zotu296,-0.423603854,0.260204082,14,1,Peripherals
Zotu2961,-0.92781919,0,1,2,Peripherals
Zotu2967,-0.966987557,0.555555556,3,5,Peripherals
Zotu297,-0.021113505,0.265306122,7,3,Peripherals
Zotu2978,0,0.555555556,3,34,Peripherals
Zotu2980,-0.770286449,0.555555556,3,4,Peripherals
Zotu2982,0.36830253,0.085066163,23,2,Peripherals
Zotu299,1.103383292,0.50617284,9,4,Peripherals
Zotu3,0,0,1,29,Peripherals
Zotu30,-0.581581098,0.591836735,7,3,Peripherals
Zotu302,-0.423603854,0.260204082,14,1,Peripherals
Zotu3041,-0.256232279,0.114186851,17,1,Peripherals
Zotu3044,-0.92571858,0,1,1,Peripherals
Zotu305,0,0,1,21,Peripherals
Zotu3067,-0.172546491,0.1875,20,1,Peripherals
Zotu307,0.966987557,0.438016529,11,5,Peripherals
Zotu3084,1.369851132,0.135487528,42,2,Peripherals
Zotu31,0.770954116,0.209876543,9,6,Peripherals
Zotu310,1.289316742,0.32231405,11,5,Peripherals
Zotu3102,-0.92571858,0,1,1,Peripherals
Zotu3112,-0.770286449,0.6,5,4,Peripherals
Zotu312,-0.214389385,0.4592,25,1,Peripherals
Zotu313,-0.250792303,0.4375,4,6,Peripherals
Zotu314,-0.455141587,0.555555556,3,6,Peripherals
Zotu3146,-0.574331448,0.265306122,7,2,Peripherals
Zotu316,0.603961025,0.072702332,27,2,Peripherals
Zotu319,0,0.305555556,6,5,Peripherals
Zotu32,1.877755306,0.32326898,83,1,Peripherals
Zotu3227,-0.456502201,0.209876543,9,2,Peripherals
Zotu323,-0.92781919,0,1,2,Peripherals
Zotu3255,-0.800189899,0.6,5,1,Peripherals
Zotu3267,1.546595003,0.045970795,43,2,Peripherals
Zotu3270,-0.92781919,0,1,2,Peripherals
Zotu328,0,0,1,8,Peripherals
Zotu3283,-0.161929082,0.137755102,14,2,Peripherals
Zotu3287,-0.92781919,0,1,2,Peripherals
Zotu330,1.103383292,0.54296875,16,4,Peripherals
Zotu3308,0.078510871,0.146449704,26,1,Peripherals
Zotu3339,-0.751075319,0.4375,4,2,Peripherals
Zotu3360,-0.397587577,0.19,10,2,Peripherals
Zotu3361,-0.04701781,0.088842975,22,1,Peripherals
Zotu3378,-0.92781919,0,1,2,Peripherals
Zotu3388,-0.044099835,0.482041588,23,2,Peripherals
Zotu34,1.403292831,0.4375,4,22,Peripherals
Zotu3425,-0.92781919,0,1,2,Peripherals
Zotu343,0.957211642,0.426513672,64,1,Peripherals
Zotu3435,0.49693981,0.107253086,36,1,Peripherals
Zotu3440,-0.59097543,0.209876543,9,1,Peripherals
Zotu345,-0.465446748,0.159722222,12,1,Peripherals
Zotu3456,-0.397587577,0.19,10,2,Peripherals
Zotu346,-0.021113505,0.54296875,16,3,Peripherals
Zotu35,0.362255549,0.265306122,7,6,Peripherals
Zotu354,-0.301347302,0.527777778,6,3,Peripherals
Zotu357,0.036667978,0.304846939,28,1,Peripherals
Zotu3596,-0.005174916,0.085066163,23,1,Peripherals
Zotu360,1.289316742,0.32231405,11,5,Peripherals
Zotu364,1.543012155,0.255198488,69,1,Peripherals
Zotu3690,-0.92571858,0,1,1,Peripherals
Zotu37,2.080639967,0.391581633,28,3,Peripherals
Zotu371,0.898534143,0.116620753,33,2,Peripherals
Zotu3710,-0.751075319,0.4375,4,2,Peripherals
Zotu376,0.073729412,0.1966759,19,2,Peripherals
Zotu377,0.166548421,0.4375,4,4,Peripherals
Zotu378,0.566604833,0.234375,8,6,Peripherals
Zotu379,-0.455141587,0.555555556,3,6,Peripherals
Zotu38,1.782253497,0.081163194,48,2,Peripherals
Zotu3810,-0.397587577,0.19,10,2,Peripherals
Zotu3817,1.09982168,0.128888889,15,3,Peripherals
Zotu382,0.119003393,0.548611111,12,3,Peripherals
Zotu383,0,0,1,35,Peripherals
Zotu3843,0.014814788,0.114186851,17,2,Peripherals
Zotu3859,-0.92571858,0,1,1,Peripherals
Zotu388,-0.863840155,0,1,6,Peripherals
Zotu389,0,0,1,25,Peripherals
Zotu3891,0.538782703,0.104455807,37,1,Peripherals
Zotu3897,0.664311385,0.214710654,43,1,Peripherals
Zotu39,0,0,1,32,Peripherals
Zotu390,-0.842032793,0.555555556,3,1,Peripherals
Zotu3910,-0.044099835,0.21799308,17,2,Peripherals
Zotu3923,-0.633246072,0.305555556,6,2,Peripherals
Zotu394,0.191558659,0.0975,20,2,Peripherals
Zotu397,-0.770286449,0,1,4,Peripherals
Zotu4,-0.581581098,0.55859375,16,3,Peripherals
Zotu40,0.580625597,0.053323594,37,1,Peripherals
Zotu4021,-0.92781919,0,1,2,Peripherals
Zotu4031,-0.633246072,0.305555556,6,2,Peripherals
Zotu4049,-0.92571858,0,1,1,Peripherals
Zotu4057,-0.861814894,0.555555556,3,3,Peripherals
Zotu4066,-0.456502201,0.609504132,22,2,Peripherals
Zotu41,1.291954792,0.36273892,69,1,Peripherals
Zotu410,0.545046401,0.075443787,26,2,Peripherals
Zotu411,-0.842032793,0.555555556,3,1,Peripherals
Zotu4118,-0.088860704,0.371301775,26,1,Peripherals
Zotu412,0,0.555555556,3,35,Peripherals
Zotu413,0,0,1,33,Peripherals
Zotu414,0,0,1,31,Peripherals
Zotu4162,-0.423603854,0.147928994,13,1,Peripherals
Zotu4163,1.841168121,0.041232639,48,2,Peripherals
Zotu417,0.36830253,0.085066163,23,2,Peripherals
Zotu42,-0.455141587,0.555555556,3,6,Peripherals
Zotu421,0,0,1,16,Peripherals
Zotu425,-0.515416824,0.234375,8,2,Peripherals
Zotu4257,-0.92781919,0,1,2,Peripherals
Zotu429,1.369851132,0.384245562,52,2,Peripherals
Zotu430,0.119003393,0.493801653,22,3,Peripherals
Zotu432,-0.674661217,0.265306122,7,1,Peripherals
Zotu436,-0.863840155,0,1,6,Peripherals
Zotu438,-0.04701781,0.419642857,28,1,Peripherals
Zotu4391,-0.842032793,0.555555556,3,1,Peripherals
Zotu44,1.415661582,0.520661157,11,4,Peripherals
Zotu440,-0.088860704,0.289930556,24,1,Peripherals
Zotu4416,-0.574331448,0.50617284,9,2,Peripherals
Zotu4434,-0.515416824,0.234375,8,2,Peripherals
Zotu4435,-0.842032793,0.555555556,3,1,Peripherals
Zotu444,0.120353765,0.075443787,26,1,Peripherals
Zotu4466,-0.92781919,0,1,2,Peripherals
Zotu447,1.752226624,0.262222222,75,1,Peripherals
Zotu452,-0.861814894,0,1,3,Peripherals
Zotu453,-0.674661217,0.265306122,7,1,Peripherals
Zotu4548,-0.92571858,0,1,1,Peripherals
Zotu46,-0.507289642,0.298611111,12,1,Peripherals
Zotu460,0.36830253,0.085066163,23,2,Peripherals
Zotu462,-0.423603854,0.147928994,13,1,Peripherals
Zotu46213,1.520172374,0.527006173,36,3,Peripherals
Zotu463,0,0,1,28,Peripherals
Zotu47,1.800406171,0.524375,40,3,Peripherals
Zotu470,-0.161230403,0.535123967,22,3,Peripherals
Zotu48,0.322329186,0.50617284,9,5,Peripherals
Zotu481,-1.02328656,0,1,14,Peripherals
Zotu483,-1.227881227,0,1,22,Peripherals
Zotu4832,-0.751075319,0.4375,4,2,Peripherals
Zotu484,-0.161230403,0.305555556,6,3,Peripherals
Zotu4840,-0.692160695,0.36,5,2,Peripherals
Zotu485,0.245882447,0.067776457,29,1,Peripherals
Zotu4902,0.119003393,0.505668934,21,3,Peripherals
Zotu491,0,0,1,27,Peripherals
Zotu495,-0.758347005,0.527777778,6,1,Peripherals
Zotu4969,0.073729412,0.108024691,18,2,Peripherals
Zotu4972,0.839619519,0.21366782,34,2,Peripherals
Zotu50,0.455096916,0.156635802,36,1,Peripherals
Zotu503,-0.842032793,0.555555556,3,1,Peripherals
Zotu505,1.075278014,0.056326531,35,2,Peripherals
Zotu509,1.166426111,0.038831219,51,1,Peripherals
Zotu5101,1.841168121,0.147251057,51,2,Peripherals
Zotu512,-0.861814894,0,1,3,Peripherals
Zotu515,-0.92781919,0,1,2,Peripherals
Zotu518,-0.130703598,0.179138322,21,1,Peripherals
Zotu521,1.166426111,0.293055556,60,1,Peripherals
Zotu5273,-0.103014459,0.128888889,15,2,Peripherals
Zotu528,-0.842032793,0.555555556,3,1,Peripherals
Zotu529,-0.770286449,0.555555556,3,4,Peripherals
Zotu531,-0.92781919,0,1,2,Peripherals
Zotu534,-0.044099835,0.12109375,16,2,Peripherals
Zotu535,-0.577350269,0,1,26,Peripherals
Zotu536,-0.92571858,0,1,1,Peripherals
Zotu537,-0.92571858,0,1,1,Peripherals
Zotu539,-0.92781919,0,1,2,Peripherals
Zotu540,0,0,1,13,Peripherals
Zotu5416,-0.758347005,0.36,5,1,Peripherals
Zotu542,-0.863840155,0,1,6,Peripherals
Zotu543,0.119003393,0.47,10,3,Peripherals
Zotu544,-0.92781919,0,1,2,Peripherals
Zotu551,-0.861814894,0,1,3,Peripherals
Zotu5515,-0.861814894,0,1,3,Peripherals
Zotu552,0.287725341,0.299591837,35,1,Peripherals
Zotu553,-0.92571858,0,1,1,Peripherals
Zotu5537,-0.92571858,0,1,1,Peripherals
Zotu5549,-0.574331448,0.265306122,7,2,Peripherals
Zotu559,0,0,1,20,Peripherals
Zotu56,1.124583217,0.316944444,60,1,Peripherals
Zotu5630,1.310936508,0.050624589,39,2,Peripherals
Zotu564,-0.256232279,0.114186851,17,1,Peripherals
Zotu565,-0.770286449,0,1,4,Peripherals
Zotu569,0.036667978,0.081597222,24,1,Peripherals
Zotu56924,0.119003393,0.382716049,9,3,Peripherals
Zotu571,0,0,1,20,Peripherals
Zotu572,0,0,1,12,Peripherals
Zotu5780,0.427217154,0.081597222,24,2,Peripherals
Zotu5795,1.66442425,0.043950617,45,2,Peripherals
Zotu583,1.428765756,0.048185604,41,2,Peripherals
Zotu584,-0.044099835,0.12109375,16,2,Peripherals
Zotu5852,-0.4414642,0.4375,4,3,Peripherals
Zotu589,-0.863840155,0,1,6,Peripherals
Zotu590,0.119003393,0.520661157,11,3,Peripherals
Zotu591,-0.301347302,0.36,5,3,Peripherals
Zotu5926,-0.751075319,0.4375,4,2,Peripherals
Zotu5983,-0.809989942,0.555555556,3,2,Peripherals
Zotu599,1.71038373,0.06035503,65,1,Peripherals
Zotu60,1.040897429,0.041232639,48,1,Peripherals
Zotu6009,-0.809989942,0.555555556,3,2,Peripherals
Zotu603,-0.220843706,0.147928994,13,2,Peripherals
Zotu607,-0.214389385,0.1966759,19,1,Peripherals
Zotu6077,0.191558659,0.0975,20,2,Peripherals
Zotu61,0,0,1,21,Peripherals
Zotu613,0.132644036,0.394097222,24,2,Peripherals
Zotu615,0.036667978,0.152,25,1,Peripherals
Zotu617,-0.721697996,0.469387755,7,3,Peripherals
Zotu618,-0.339918067,0.128888889,15,1,Peripherals
Zotu619,-0.507289642,0.396449704,13,1,Peripherals
Zotu621,-0.397587577,0.19,10,2,Peripherals
Zotu623,-0.59097543,0.209876543,9,1,Peripherals
Zotu63,1.333797686,0.338019031,68,1,Peripherals
Zotu631,0,0,1,13,Peripherals
Zotu64,0,0,1,25,Peripherals
Zotu644,0.486131777,0.0784,25,2,Peripherals
Zotu646,-0.381760961,0.137755102,14,1,Peripherals
Zotu6484,-0.92781919,0,1,2,Peripherals
Zotu649,-0.145729869,0.555555556,3,4,Peripherals
Zotu650,-0.716504111,0.305555556,6,1,Peripherals
Zotu653,-0.250792303,0.6,5,6,Peripherals
Zotu65856,0.259120291,0.493055556,12,3,Peripherals
Zotu66,0,0,1,23,Peripherals
Zotu6617,-0.088860704,0.479708637,31,1,Peripherals
Zotu67,-0.005174916,0.085066163,23,1,Peripherals
Zotu6822,-0.692160695,0.36,5,2,Peripherals
Zotu685,-0.863840155,0,1,6,Peripherals
Zotu6855,0.191558659,0.245867769,22,2,Peripherals
Zotu686,-0.92781919,0,1,2,Peripherals
Zotu689,0,0,1,12,Peripherals
Zotu69,1.103383292,0.570247934,11,4,Peripherals
Zotu692,0.166548421,0.609375,8,4,Peripherals
Zotu695,-0.809989942,0.555555556,3,2,Peripherals
Zotu6956,0.721790272,0.067776457,29,2,Peripherals
Zotu699,-0.04701781,0.088842975,22,1,Peripherals
Zotu7,1.800406171,0.498439126,31,3,Peripherals
Zotu70,0.9753034,0.19,10,6,Peripherals
Zotu708,-0.92571858,0,1,1,Peripherals
Zotu711,0.478826712,0.527777778,6,4,Peripherals
Zotu721,1.124583217,0.076509035,51,1,Peripherals
Zotu724,-0.4414642,0.4375,4,3,Peripherals
Zotu73,0.132644036,0.102493075,19,2,Peripherals
Zotu733,0.706154279,0.3516,50,1,Peripherals
Zotu735,-0.770286449,0,1,4,Peripherals
Zotu74,1.752226624,0.225370614,73,1,Peripherals
Zotu743,-0.130703598,0.179138322,21,1,Peripherals
Zotu7439,1.546595003,0.25031237,49,2,Peripherals
Zotu745,2.128812669,0.121466141,78,1,Peripherals
Zotu748,0.204039553,0.070153061,28,1,Peripherals
Zotu75,-0.250792303,0.4375,4,6,Peripherals
Zotu7522,-0.751075319,0.4375,4,2,Peripherals
Zotu754,0.372104204,0.4375,4,14,Peripherals
Zotu7573,1.66442425,0.043950617,45,2,Peripherals
Zotu758,-0.866025404,0,1,18,Peripherals
Zotu76,1.279415789,0.4375,4,7,Peripherals
Zotu761,-0.92571858,0,1,1,Peripherals
Zotu762,-0.577350269,0,1,9,Peripherals
Zotu763,0.957211642,0.043005671,46,1,Peripherals
Zotu765,0.538782703,0.150277008,38,1,Peripherals
Zotu768,-1.02328656,0,1,14,Peripherals
Zotu7788,1.723338874,0.043005671,46,2,Peripherals
Zotu78,-0.005174916,0.448242188,32,1,Peripherals
Zotu784,1.082740323,0.176931292,53,1,Peripherals
Zotu785,0,0,1,11,Peripherals
Zotu786,-0.92571858,0,1,1,Peripherals
Zotu788,-0.770286449,0.555555556,3,4,Peripherals
Zotu79,0.959704782,0.518595041,22,3,Peripherals
Zotu793,1.208269005,0.038091716,52,1,Peripherals
Zotu8,-0.842032793,0.555555556,3,1,Peripherals
Zotu8037,-0.220843706,0.147928994,13,2,Peripherals
Zotu804,2.421712925,0.220867045,91,1,Peripherals
Zotu806,-0.92781919,0,1,2,Peripherals
Zotu807,-0.842032793,0.555555556,3,1,Peripherals
Zotu814,-0.92571858,0,1,1,Peripherals
Zotu82,-0.758347005,0.36,5,1,Peripherals
Zotu822,-0.214389385,0.435763889,24,1,Peripherals
Zotu828,1.584855049,0.305310565,73,1,Peripherals
Zotu8309,0.780704896,0.065555556,30,2,Peripherals
Zotu834,-0.093026051,0.555555556,3,14,Peripherals
Zotu84152,0.119003393,0.520661157,11,3,Peripherals
Zotu848,-0.005174916,0.157986111,24,1,Peripherals
Zotu85,0.837234458,0.36,5,14,Peripherals
Zotu850,-0.92571858,0,1,1,Peripherals
Zotu852,-0.758347005,0.36,5,1,Peripherals
Zotu857,-0.455141587,0.555555556,3,6,Peripherals
Zotu86,1.384001968,0.159722222,12,6,Peripherals
Zotu860,0.014814788,0.114186851,17,2,Peripherals
Zotu861,-0.044099835,0.12109375,16,2,Peripherals
Zotu865,0.166548421,0.4375,4,4,Peripherals
Zotu868,-0.92571858,0,1,1,Peripherals
Zotu87006,-0.861814894,0,1,3,Peripherals
Zotu877,-0.721697996,0.6,5,3,Peripherals
Zotu88,0.157906265,0.305555556,6,6,Peripherals
Zotu88440,1.09982168,0.519097222,24,3,Peripherals
Zotu886,-0.298075173,0.293209877,18,1,Peripherals
Zotu887,-0.632818324,0.234375,8,1,Peripherals
Zotu895,1.900082745,0.112648981,51,2,Peripherals
Zotu896,-0.92781919,0,1,2,Peripherals
Zotu898,-0.214389385,0.108024691,18,1,Peripherals
Zotu90,1.179652684,0.173553719,11,6,Peripherals
Zotu902,1.250111898,0.105454545,55,1,Peripherals
Zotu9196,-0.92781919,0,1,2,Peripherals
Zotu92,-0.214389385,0.108024691,18,1,Peripherals
Zotu920,-0.27975833,0.159722222,12,2,Peripherals
Zotu924,-0.716504111,0.469387755,7,1,Peripherals
Zotu925,-0.298075173,0.12109375,16,1,Peripherals
Zotu930,-0.92781919,0,1,2,Peripherals
Zotu938,-0.456502201,0.209876543,9,2,Peripherals
Zotu944,0,0,1,16,Peripherals
Zotu946,-0.92571858,0,1,1,Peripherals
Zotu952,-0.381760961,0.137755102,14,1,Peripherals
Zotu953,-0.92571858,0,1,1,Peripherals
Zotu954,0,0,1,30,Peripherals
Zotu963,-0.809989942,0.555555556,3,2,Peripherals
Zotu964,1.9195982,0.056122449,70,1,Peripherals
Zotu966,-0.59097543,0.35,10,1,Peripherals
Zotu969,0.309387907,0.088842975,22,2,Peripherals
Zotu97,0.036667978,0.304846939,28,1,Peripherals
Zotu974,-0.842032793,0.555555556,3,1,Peripherals
Zotu975,-0.866025404,0,1,18,Peripherals
Zotu976,-0.574331448,0.265306122,7,2,Peripherals
Zotu977,-0.298075173,0.12109375,16,1,Peripherals
Zotu979,-0.758347005,0.36,5,1,Peripherals
Zotu98,-0.549132536,0.19,10,1,Peripherals
Zotu981,0.204039553,0.131985731,29,1,Peripherals
Zotu984,-0.581581098,0.555555556,3,3,Peripherals
Zotu986,-0.674661217,0.265306122,7,1,Peripherals
Zotu989,0.49693981,0.19598338,38,1,Peripherals
Zotu990,0.245882447,0.067776457,29,1,Peripherals
Zotu998,-0.103014459,0.128888889,15,2,Peripherals
